place_id,place_name
1,Willieview House
2,Brendanshire Apartment
3,Rosenbaumshire Getaway
4,New Abigail Hideout
5,South Ethaland Mansion
6,Lake Emile Studio
7,West Quentinborough Paradise
8,East Deanmouth Flat
9,Tremblayshire Terrace
10,East Hildegard Place
11,Lake Ova Hotspot
12,Donnellyville Condo
13,New Ciara Townhouse
14,Rosenbaumshire Cabin
15,Port Gastonside Loft
16,Araceliside Home
17,Fletamouth Beach House
18,Reichelview Shack
19,Breanaland Loveshack
20,Jackyburgh Warehouse
21,East Darrel Penthouse
22,Ullrichstad Suite
23,Bashirianstad Room
24,New Mauriceview Casa
25,Amiraville Cottage
26,Kennychester Pad
27,North Rhea Spa
28,Bellfort Bungalow
29,Mireillemouth Space
30,East Callie Spot
31,North Hattieshire Icon
32,Lake Odessaview Villa
33,Ellishaven Dojo
34,North Brookefurt Nest
35,South Tatyanafurt Treehouse
36,North Cassandra Escape
37,East Isaacville Property
38,Adanland Home
39,New Blanca Hideaway
40,Crookshaven Oasis
41,South Demetrius Retreat
42,Lake Linnie Lounge
43,North Meta Lodge
44,Willmsport Beehive
45,Shanellemouth Igloo
46,Jaybury Runaway
47,Hillsland Birdhouse
48,New Aliya Beachfront
49,Chadrickland Temple
50,Violettehaven Garden
51,Aricville Habitat
52,Lake Mathew House
53,Port Erna Apartment
54,Wavamouth Getaway
55,East Ovamouth Hideout
56,West Augustine Mansion
57,West Estellfurt Studio
58,West Lacy Paradise
59,West Celiafort Flat
60,Port Della Terrace
61,South Joel Place
62,South Katlynn Hotspot
63,Schowalterside Condo
64,New Stone Townhouse
65,Chasestad Cabin
66,Port Elvieville Loft
67,Annamariebury Home
68,Dianaberg Beach House
69,Zboncakbury Shack
70,East Ian Loveshack
71,New Salmaview Warehouse
72,North Shanelton Penthouse
73,New Henryberg Suite
74,East Lennaside Room
75,Kaileefort Casa
76,East Taylor Cottage
77,East Aldenside Pad
78,South Alveraview Spa
79,Robertsberg Bungalow
80,Lake Eldridgeview Space
81,Dietrichhaven Spot
82,South Jaydefort Icon
83,North Lilianeton Villa
84,South Josefinatown Dojo
85,West Flavie Nest
86,Tromphaven Treehouse
87,New Bertrandton Escape
88,Chloetown Property
89,Champlinside Home
90,Port Richie Hideaway
91,Mooreborough Oasis
92,Port Joaquinville Retreat
93,Deonton Lounge
94,Rasheedchester Lodge
95,Darwinview Beehive
96,West Jackport Igloo
97,Mariannefurt Runaway
98,West Madisynbury Birdhouse
99,Lake Eileenchester Beachfront
100,Kuphalland Temple
