user_id,first_name,last_name,avatar
1,Lelia,Homenick,http://loremflickr.com/56/56/people?lock=0
2,Tia,Glover,http://loremflickr.com/56/56/people?lock=1
3,Alene,Goodwin,http://loremflickr.com/56/56/people?lock=2
4,Murray,Olson,http://loremflickr.com/56/56/people?lock=3
5,Bradly,Altenwerth,http://loremflickr.com/56/56/people?lock=4
6,Rogers,Emard,http://loremflickr.com/56/56/people?lock=5
7,Carley,Ruecker,http://loremflickr.com/56/56/people?lock=6
8,Isai,Schimmel,http://loremflickr.com/56/56/people?lock=7
9,Dennis,Kemmer,http://loremflickr.com/56/56/people?lock=8
10,Grayce,Ullrich,http://loremflickr.com/56/56/people?lock=9
11,Santina,Strosin,http://loremflickr.com/56/56/people?lock=10
12,Jaren,Kilback,http://loremflickr.com/56/56/people?lock=11
13,Alisa,Ledner,http://loremflickr.com/56/56/people?lock=12
14,Bennie,Brakus,http://loremflickr.com/56/56/people?lock=13
15,Ashlee,Will,http://loremflickr.com/56/56/people?lock=14
16,Adelia,Kuphal,http://loremflickr.com/56/56/people?lock=15
17,Christ,Schuster,http://loremflickr.com/56/56/people?lock=16
18,Sigurd,Johnson,http://loremflickr.com/56/56/people?lock=17
19,Jed,Dooley,http://loremflickr.com/56/56/people?lock=18
20,Haskell,Ortiz,http://loremflickr.com/56/56/people?lock=19
21,Gia,Gutmann,http://loremflickr.com/56/56/people?lock=20
22,Rosie,Ullrich,http://loremflickr.com/56/56/people?lock=21
23,Jaylen,Huels,http://loremflickr.com/56/56/people?lock=22
24,Jena,Oberbrunner,http://loremflickr.com/56/56/people?lock=23
25,Vern,Runolfsdottir,http://loremflickr.com/56/56/people?lock=24
26,Jevon,Goodwin,http://loremflickr.com/56/56/people?lock=25
27,Madison,Kris,http://loremflickr.com/56/56/people?lock=26
28,Lonnie,Jast,http://loremflickr.com/56/56/people?lock=27
29,Major,Corkery,http://loremflickr.com/56/56/people?lock=28
30,Jerad,Dickinson,http://loremflickr.com/56/56/people?lock=29
31,Marilie,Rippin,http://loremflickr.com/56/56/people?lock=30
32,Jaida,Kub,http://loremflickr.com/56/56/people?lock=31
33,Russ,McClure,http://loremflickr.com/56/56/people?lock=32
34,May,Hane,http://loremflickr.com/56/56/people?lock=33
35,Keeley,Walsh,http://loremflickr.com/56/56/people?lock=34
36,Tillman,Brakus,http://loremflickr.com/56/56/people?lock=35
37,Cassandre,Wisozk,http://loremflickr.com/56/56/people?lock=36
38,Kayli,Cole,http://loremflickr.com/56/56/people?lock=37
39,Keagan,Abernathy,http://loremflickr.com/56/56/people?lock=38
40,Simeon,Ruecker,http://loremflickr.com/56/56/people?lock=39
41,Howell,Moore,http://loremflickr.com/56/56/people?lock=40
42,Alexanne,Ritchie,http://loremflickr.com/56/56/people?lock=41
43,Jovanny,Weissnat,http://loremflickr.com/56/56/people?lock=42
44,Keyon,Cummerata,http://loremflickr.com/56/56/people?lock=43
45,Natalie,Kuhic,http://loremflickr.com/56/56/people?lock=44
46,Baylee,Gulgowski,http://loremflickr.com/56/56/people?lock=45
47,Antwon,Kuvalis,http://loremflickr.com/56/56/people?lock=46
48,Theodore,Brekke,http://loremflickr.com/56/56/people?lock=47
49,Kristin,Purdy,http://loremflickr.com/56/56/people?lock=48
50,Ron,Satterfield,http://loremflickr.com/56/56/people?lock=49
51,Mckenna,Pouros,http://loremflickr.com/56/56/people?lock=50
52,Alyson,Kirlin,http://loremflickr.com/56/56/people?lock=51
53,Alexandria,Greenholt,http://loremflickr.com/56/56/people?lock=52
54,Rubye,Bashirian,http://loremflickr.com/56/56/people?lock=53
55,Trenton,Simonis,http://loremflickr.com/56/56/people?lock=54
56,Kody,Aufderhar,http://loremflickr.com/56/56/people?lock=55
57,Stan,Gerlach,http://loremflickr.com/56/56/people?lock=56
58,Jadyn,Padberg,http://loremflickr.com/56/56/people?lock=57
59,Shad,Kris,http://loremflickr.com/56/56/people?lock=58
60,Scottie,Baumbach,http://loremflickr.com/56/56/people?lock=59
61,Carmine,Lesch,http://loremflickr.com/56/56/people?lock=60
62,Zena,Rogahn,http://loremflickr.com/56/56/people?lock=61
63,Howell,Donnelly,http://loremflickr.com/56/56/people?lock=62
64,Julius,Weissnat,http://loremflickr.com/56/56/people?lock=63
65,Robert,Stehr,http://loremflickr.com/56/56/people?lock=64
66,Naomi,Schimmel,http://loremflickr.com/56/56/people?lock=65
67,Matt,Koelpin,http://loremflickr.com/56/56/people?lock=66
68,Cary,Ruecker,http://loremflickr.com/56/56/people?lock=67
69,Arnold,Rice,http://loremflickr.com/56/56/people?lock=68
70,Jody,Jacobi,http://loremflickr.com/56/56/people?lock=69
71,Jules,Langosh,http://loremflickr.com/56/56/people?lock=70
72,Khalid,Ledner,http://loremflickr.com/56/56/people?lock=71
73,Carey,Stokes,http://loremflickr.com/56/56/people?lock=72
74,Tabitha,Flatley,http://loremflickr.com/56/56/people?lock=73
75,Emely,Becker,http://loremflickr.com/56/56/people?lock=74
76,Stone,Collier,http://loremflickr.com/56/56/people?lock=75
77,Colton,Bayer,http://loremflickr.com/56/56/people?lock=76
78,Althea,Feest,http://loremflickr.com/56/56/people?lock=77
79,Janessa,Goldner,http://loremflickr.com/56/56/people?lock=78
80,Verlie,Herzog,http://loremflickr.com/56/56/people?lock=79
81,Jalyn,Klocko,http://loremflickr.com/56/56/people?lock=80
82,Jaquan,Wehner,http://loremflickr.com/56/56/people?lock=81
83,Lurline,Durgan,http://loremflickr.com/56/56/people?lock=82
84,Theodore,Beahan,http://loremflickr.com/56/56/people?lock=83
85,Kaya,Kris,http://loremflickr.com/56/56/people?lock=84
86,Albert,Lang,http://loremflickr.com/56/56/people?lock=85
87,Niko,Rutherford,http://loremflickr.com/56/56/people?lock=86
88,Arturo,Hansen,http://loremflickr.com/56/56/people?lock=87
89,Mabel,Beer,http://loremflickr.com/56/56/people?lock=88
90,Jett,Fritsch,http://loremflickr.com/56/56/people?lock=89
91,Ines,Zulauf,http://loremflickr.com/56/56/people?lock=90
92,Sibyl,Crooks,http://loremflickr.com/56/56/people?lock=91
93,Maida,Bradtke,http://loremflickr.com/56/56/people?lock=92
94,Noemie,Streich,http://loremflickr.com/56/56/people?lock=93
95,Annetta,Kerluke,http://loremflickr.com/56/56/people?lock=94
96,Sherwood,Beatty,http://loremflickr.com/56/56/people?lock=95
97,Franco,Legros,http://loremflickr.com/56/56/people?lock=96
98,Joel,Christiansen,http://loremflickr.com/56/56/people?lock=97
99,Aileen,Bode,http://loremflickr.com/56/56/people?lock=98
100,Jordane,Beer,http://loremflickr.com/56/56/people?lock=99
